method,corruption,repeat_index,seed,selection_rule,mse,mae,rmse,ntae,clea,crps,picp_90,mpiw_90,time_per_call_seconds
CVAE,clean,3,20260513,lowest_ntae_then_highest_clea_then_lowest_rmse_then_lowest_crps,1.370475774483058,0.7944120857395002,1.1706732142161014,1.1211749432564686,-4.012096589956914,0.6272053537652688,0.3848031424326521,1.1790333731219316,0.004876642180840388
CVAE,missing_0.20,1,20260511,lowest_ntae_then_highest_clea_then_lowest_rmse_then_lowest_crps,1.442964005788268,0.8075779329861924,1.2012343675520893,1.1386851317988969,-3.950816309835436,0.639208776100234,0.38632873601883777,1.1542584340642466,0.005300133450684474
CVAE,missing_0.40,4,20260514,lowest_ntae_then_highest_clea_then_lowest_rmse_then_lowest_crps,1.5538417211451723,0.8255584103759102,1.2465318773080665,1.1617866358422149,-3.932861177297997,0.657684446196946,0.38703234939590164,1.132738433311021,0.005010112994901275
CVAE,missing_0.60,4,20260514,lowest_ntae_then_highest_clea_then_lowest_rmse_then_lowest_crps,1.6636353243956714,0.8457251977964643,1.2898198806018115,1.1875677727321665,-3.945580394483644,0.6781596374752323,0.3832419476915314,1.1120403263547691,0.004726525905164873
CVAE,noise_0.05,1,20260511,lowest_ntae_then_highest_clea_then_lowest_rmse_then_lowest_crps,1.3705927700034573,0.794229932350931,1.1707231824831426,1.1208157021067455,-4.014995374736007,0.6273406316431157,0.38473194012278195,1.1801046230113093,0.00519885286842356
CVAE,noise_0.10,4,20260514,lowest_ntae_then_highest_clea_then_lowest_rmse_then_lowest_crps,1.3688477868046485,0.7934500992292445,1.169977686455878,1.1196722351922581,-4.00690818318332,0.6267384817793201,0.38533274465281864,1.1787351170671039,0.005070224182353118
CVAE,noise_0.20,5,20260515,lowest_ntae_then_highest_clea_then_lowest_rmse_then_lowest_crps,1.3691627815894158,0.7928752483980872,1.1701122944356306,1.1189552844428805,-4.002714305031297,0.6262852045032257,0.3855589661648866,1.1779632728291571,0.0050544229429549
CVAE,scale_0.80,1,20260511,lowest_ntae_then_highest_clea_then_lowest_rmse_then_lowest_crps,1.4409545956508023,0.8398367150239626,1.2003976822914988,1.1866251934411685,-4.384789960111701,0.6580708712301473,0.35989543912763156,1.1955986734196224,0.0052919553452602
CVAE,scale_1.20,3,20260513,lowest_ntae_then_highest_clea_then_lowest_rmse_then_lowest_crps,1.3258445559229237,0.7619719940020119,1.1514532365332617,1.0738006642914177,-3.7137352567683743,0.6047707015376708,0.40347868135564713,1.1580666537064699,0.005103491680649873
CVAE,wrong_cue,2,20260512,lowest_ntae_then_highest_clea_then_lowest_rmse_then_lowest_crps,2.491172664772993,1.0525012699053198,1.5783449131203842,1.4837793061882154,-4.470994617064517,0.8589355341791255,0.3162042721385922,1.1883544804000394,0.004976005976064978
Deterministic-Physics,clean,1,20260511,lowest_ntae_then_highest_clea_then_lowest_rmse_then_lowest_crps,2.581711047689488,0.9194484583206621,1.606770378022164,1.2972046168741003,-4.432845631966201,0.9194484588991813,0.0,0.0,0.0031349810331018383
Deterministic-Physics,missing_0.20,1,20260511,lowest_ntae_then_highest_clea_then_lowest_rmse_then_lowest_crps,2.7798438803498406,0.9264571124192787,1.667286382224074,1.3083044412997364,-4.383858102566476,0.9264571128357911,0.0,0.0,0.002889218317898905
Deterministic-Physics,missing_0.40,1,20260511,lowest_ntae_then_highest_clea_then_lowest_rmse_then_lowest_crps,2.8349874298727573,0.9231274644587929,1.6837420912576715,1.3033927923853585,-4.253842036961954,0.9231274631362726,0.0,0.0,0.0028864407634836583
Deterministic-Physics,missing_0.60,1,20260511,lowest_ntae_then_highest_clea_then_lowest_rmse_then_lowest_crps,2.8997675840511925,0.9231210967542893,1.7028703955531062,1.3034689163411395,-4.145813050378402,0.9231210975929282,0.0,0.0,0.0028837796978278614
Deterministic-Physics,noise_0.05,3,20260513,lowest_ntae_then_highest_clea_then_lowest_rmse_then_lowest_crps,2.5620281019319138,0.917442743032423,1.6006336563785961,1.2943625432936745,-4.420431260893297,0.9174427427749766,0.0,0.0,0.003124902068260109
Deterministic-Physics,noise_0.10,4,20260514,lowest_ntae_then_highest_clea_then_lowest_rmse_then_lowest_crps,2.5216149528648377,0.9134206710380257,1.5879593675106545,1.2886609015252604,-4.3958806566476545,0.9134206718055526,0.0,0.0,0.0032368459234741855
Deterministic-Physics,noise_0.20,5,20260515,lowest_ntae_then_highest_clea_then_lowest_rmse_then_lowest_crps,2.4639864943914467,0.9079513925646953,1.5697090476873243,1.280909492510588,-4.361212446661168,0.9079513939781104,0.0,0.0,0.003105303214188652
Deterministic-Physics,scale_0.80,1,20260511,lowest_ntae_then_highest_clea_then_lowest_rmse_then_lowest_crps,2.8026172397840887,0.9469320163337028,1.6741019203692733,1.3367201268444082,-4.480539037173324,0.9469320148211052,0.0,0.0,0.0028831903425489275
Deterministic-Physics,scale_1.20,1,20260511,lowest_ntae_then_highest_clea_then_lowest_rmse_then_lowest_crps,2.4803629298239867,0.9180486901753538,1.574916800921238,1.2960912035295613,-4.424853395188295,0.9180486891862037,7.008101365178146e-08,0.0,0.0028762667136113277
Deterministic-Physics,wrong_cue,1,20260511,lowest_ntae_then_highest_clea_then_lowest_rmse_then_lowest_crps,2.7394807917892696,0.983505646723245,1.6551376957187791,1.3902973822016989,-3.6042240021419136,0.9835056471488469,0.0,0.0,0.0028766489330692533
GFRC,clean,2,20260512,lowest_ntae_then_highest_clea_then_lowest_rmse_then_lowest_crps,2.652820380994821,0.9504394705778842,1.6287481023764299,1.1876541446806712,-3.609895864139175,0.7477609760577533,0.5301358170044571,1.940453560494215,0.2318771005855159
GFRC,missing_0.20,1,20260511,lowest_ntae_then_highest_clea_then_lowest_rmse_then_lowest_crps,2.6163256569845776,0.9413868585174366,1.6175059990567509,1.1721293249824107,-3.4765142329325203,0.7414961559412321,0.5306652089815828,1.9022717946742578,0.19875556558176982
GFRC,missing_0.40,4,20260514,lowest_ntae_then_highest_clea_then_lowest_rmse_then_lowest_crps,2.570454759326531,0.9297689076013735,1.6032637834512855,1.1519151274145638,-3.3125993173659354,0.7337594273019986,0.5316890225100216,1.8586353762977956,0.23185435106884356
GFRC,missing_0.60,3,20260513,lowest_ntae_then_highest_clea_then_lowest_rmse_then_lowest_crps,2.5121494983644803,0.9147443100697185,1.584976182270409,1.1290836333759628,-3.110758457736676,0.7236202537874108,0.533163737280296,1.8079985306185642,0.2286864904299592
GFRC,noise_0.05,1,20260511,lowest_ntae_then_highest_clea_then_lowest_rmse_then_lowest_crps,2.6543645128942672,0.9506375477201914,1.629222057576642,1.1877693634230138,-3.611319363915472,0.7480356573914838,0.5299940431138396,1.940235974827764,0.19916793608063277
GFRC,noise_0.10,2,20260512,lowest_ntae_then_highest_clea_then_lowest_rmse_then_lowest_crps,2.6522979496037347,0.9503200578736359,1.628587716275588,1.1875566905170558,-3.610217469359799,0.747712675137432,0.5301557200123342,1.9415740428335668,0.23206866112300678
GFRC,noise_0.20,1,20260511,lowest_ntae_then_highest_clea_then_lowest_rmse_then_lowest_crps,2.652144510659819,0.9502472054786245,1.6285406076176974,1.1875261756292927,-3.6084424887824005,0.7476260572256013,0.530304712247358,1.9402680627077913,0.19897402158193958
GFRC,scale_0.80,5,20260515,lowest_ntae_then_highest_clea_then_lowest_rmse_then_lowest_crps,2.606312419573633,0.9362667028540315,1.6144077612467158,1.1619768369120334,-3.3731486197351437,0.7389312817049004,0.5316424887169569,1.8817306583742348,0.22890495871424035
GFRC,scale_1.20,3,20260513,lowest_ntae_then_highest_clea_then_lowest_rmse_then_lowest_crps,2.6994016060448907,0.9637925758764961,1.6429855769436599,1.2079913702162846,-3.8223750615977585,0.7562869043296485,0.5283744008073332,1.993562084730856,0.22864358852146774
GFRC,wrong_cue,4,20260514,lowest_ntae_then_highest_clea_then_lowest_rmse_then_lowest_crps,2.693832626136121,0.9611065845234462,1.6412899275070572,1.2174631510113998,-3.1432873622910065,0.7489947981739907,0.527534409777703,1.8272623830943981,0.23182815677523078
TimeXer,clean,1,20260511,lowest_ntae_then_highest_clea_then_lowest_rmse_then_lowest_crps,3.0097675208462746,1.0233676179381745,1.7348681566177513,1.4447276360031749,-4.714279861748511,1.0233676160418135,7.008101365178146e-08,0.0,0.003233188728211067
TimeXer,missing_0.20,1,20260511,lowest_ntae_then_highest_clea_then_lowest_rmse_then_lowest_crps,3.1073503094353976,0.9979447170114328,1.7627677979346563,1.4047245589912434,-3.7533470811187355,0.9979447166927662,1.4016202730356292e-07,0.0,0.0031046910581970085
TimeXer,missing_0.40,1,20260511,lowest_ntae_then_highest_clea_then_lowest_rmse_then_lowest_crps,3.3059351443845624,1.011090064459799,1.8182230733286173,1.4205943429925405,-3.717795199403847,1.0110900670910719,7.008101365178146e-08,0.0,0.0031256019721962645
TimeXer,missing_0.60,1,20260511,lowest_ntae_then_highest_clea_then_lowest_rmse_then_lowest_crps,3.488727502483203,1.0352667507062503,1.8678135620246479,1.4540335399865139,-3.8630343441062034,1.0352667522364922,0.0,0.0,0.003210122785514294
TimeXer,noise_0.05,2,20260512,lowest_ntae_then_highest_clea_then_lowest_rmse_then_lowest_crps,3.0069501320900636,1.0228141442889893,1.73405597720779,1.4439324363767767,-4.711786168921643,1.0228141442495569,7.008101365178146e-08,0.0,0.003190661762176769
TimeXer,noise_0.10,2,20260512,lowest_ntae_then_highest_clea_then_lowest_rmse_then_lowest_crps,3.0035826859043175,1.0221738938829734,1.7330847313112876,1.4430268577278755,-4.707452494265006,1.0221738946095977,1.4016202730356292e-07,0.0,0.0031858238318140577
TimeXer,noise_0.20,4,20260514,lowest_ntae_then_highest_clea_then_lowest_rmse_then_lowest_crps,2.990952251871014,1.0192141180395615,1.7294369753971996,1.4387971500414252,-4.690785315126382,1.0192141167598152,0.0,0.0,0.003182761381149933
TimeXer,scale_0.80,1,20260511,lowest_ntae_then_highest_clea_then_lowest_rmse_then_lowest_crps,3.19745896878232,1.0537268532397512,1.78814400113143,1.4891689233185974,-4.65219004343539,1.0537268549889427,0.0,0.0,0.0031806902031958316
TimeXer,scale_1.20,1,20260511,lowest_ntae_then_highest_clea_then_lowest_rmse_then_lowest_crps,2.999037154876035,1.0045477390960325,1.7317728358176874,1.4158995843051445,-4.7580926249668565,1.0045477407080796,0.0,0.0,0.003346159929029083
TimeXer,wrong_cue,1,20260511,lowest_ntae_then_highest_clea_then_lowest_rmse_then_lowest_crps,3.641240810383958,1.1557116184273917,1.9082035558042434,1.6347888332871396,-4.602992621456671,1.155711617122783,0.0,0.0,0.003137484251264496
